"Epic","Feature","Story","FAILED","BROKEN","PASSED","SKIPPED","UNKNOWN"
"","Cadastro e consulta de usuários","Cadastro deve ser bloqueado quando o e-mail já está em uso","0","0","1","0","0"
"","Cadastro e consulta de produtos","Cadastro de produto com nome já existente deve ser bloqueado","0","0","1","0","0"
"","Autenticação de usuários","Login com credenciais válidas deve retornar token","0","0","1","0","0"
"","Cadastro e consulta de usuários","Cadastro deve ser bloqueado sem o campo obrigatório password","0","0","1","0","0"
"","Cadastro e consulta de produtos","Listagem de produtos deve respeitar o contrato publicado","0","0","1","0","0"
"","Cadastro e consulta de produtos","Cadastro de produto por usuário não administrador deve ser bloqueado","0","0","1","0","0"
"","Carrinho de compras","Listagem de carrinhos deve respeitar o contrato publicado","0","0","1","0","0"
"","Cadastro e consulta de produtos","Produto cadastrado deve ser recuperável pelo seu identificador","0","0","1","0","0"
"","Carrinho de compras","Cancelamento da compra deve devolver a quantidade ao estoque","0","0","1","0","0"
"","Cadastro e consulta de usuários","Cadastro deve ser bloqueado sem o campo obrigatório nome","0","0","1","0","0"
"","Cadastro e consulta de usuários","Consulta de usuário inexistente deve retornar mensagem de negócio","0","0","1","0","0"
"","Carrinho de compras","Conclusão da compra deve dar baixa no estoque do produto","0","0","1","0","0"
"","Cadastro e consulta de usuários","Cadastro deve ser bloqueado sem o campo obrigatório email","0","0","1","0","0"
"","Carrinho de compras","Registro de carrinho sem token deve ser bloqueado","0","0","1","0","0"
"","Cadastro e consulta de usuários","Listagem de usuários deve respeitar o contrato publicado","0","0","1","0","0"
"","Carrinho de compras","Não deve ser permitido mais de um carrinho por usuário","0","0","1","0","0"
"","Cadastro e consulta de produtos","Cadastro de produto sem token deve ser bloqueado","0","0","1","0","0"
"","Cadastro e consulta de produtos","Consulta de produto inexistente deve retornar mensagem de negócio","0","0","1","0","0"
"","Autenticação de usuários","Login com e-mail não cadastrado deve ser rejeitado","0","0","1","0","0"
"","Carrinho de compras","Usuário autenticado deve registrar carrinho com produto disponível","0","0","1","0","0"
"","Carrinho de compras","Conclusão sem carrinho registrado deve retornar mensagem de negócio","0","0","1","0","0"
"","Carrinho de compras","Registro de carrinho com produto inexistente deve ser bloqueado","0","0","1","0","0"
"","Cadastro e consulta de produtos","Administrador autenticado deve cadastrar produto","0","0","1","0","0"
"","Autenticação de usuários","Login com senha incorreta deve ser rejeitado","0","0","1","0","0"
"","Cadastro e consulta de usuários","Cadastro de usuário com dados válidos","0","0","1","0","0"
