"Status","Start Time","Stop Time","Duration in ms","Parent Suite","Suite","Sub Suite","Test Class","Test Method","Name","Description"
"passed","Mon Sep 28 09:05:27 UTC 2026","Mon Sep 28 09:05:27 UTC 2026","34","","Cadastro e consulta de usuários","","Cadastro deve ser bloqueado sem o campo obrigatório nome","","Cadastro deve ser bloqueado sem o campo obrigatório nome","  Como consumidor da API ServeRest
  Quero cadastrar e consultar usuários
  Para garantir que o contrato e as regras de negócio do recurso estão íntegros"
"passed","Mon Sep 28 09:05:26 UTC 2026","Mon Sep 28 09:05:26 UTC 2026","168","","Carrinho de compras","","Não deve ser permitido mais de um carrinho por usuário","","Não deve ser permitido mais de um carrinho por usuário","  Como consumidor da API ServeRest
  Quero registrar, concluir e cancelar carrinhos
  Para garantir que as regras de unicidade e de baixa de estoque são respeitadas"
"passed","Mon Sep 28 09:05:27 UTC 2026","Mon Sep 28 09:05:27 UTC 2026","84","","Cadastro e consulta de produtos","","Administrador autenticado deve cadastrar produto","","Administrador autenticado deve cadastrar produto","  Como consumidor da API ServeRest
  Quero cadastrar e consultar produtos na loja
  Para garantir que o contrato, a autorização e a unicidade são respeitados"
"passed","Mon Sep 28 09:05:27 UTC 2026","Mon Sep 28 09:05:27 UTC 2026","30","","Cadastro e consulta de usuários","","Listagem de usuários deve respeitar o contrato publicado","","Listagem de usuários deve respeitar o contrato publicado","  Como consumidor da API ServeRest
  Quero cadastrar e consultar usuários
  Para garantir que o contrato e as regras de negócio do recurso estão íntegros"
"passed","Mon Sep 28 09:05:25 UTC 2026","Mon Sep 28 09:05:26 UTC 2026","375","","Carrinho de compras","","Listagem de carrinhos deve respeitar o contrato publicado","","Listagem de carrinhos deve respeitar o contrato publicado","  Como consumidor da API ServeRest
  Quero registrar, concluir e cancelar carrinhos
  Para garantir que as regras de unicidade e de baixa de estoque são respeitadas"
"passed","Mon Sep 28 09:05:27 UTC 2026","Mon Sep 28 09:05:27 UTC 2026","32","","Cadastro e consulta de produtos","","Consulta de produto inexistente deve retornar mensagem de negócio","","Consulta de produto inexistente deve retornar mensagem de negócio","  Como consumidor da API ServeRest
  Quero cadastrar e consultar produtos na loja
  Para garantir que o contrato, a autorização e a unicidade são respeitados"
"passed","Mon Sep 28 09:05:27 UTC 2026","Mon Sep 28 09:05:27 UTC 2026","131","","Cadastro e consulta de produtos","","Produto cadastrado deve ser recuperável pelo seu identificador","","Produto cadastrado deve ser recuperável pelo seu identificador","  Como consumidor da API ServeRest
  Quero cadastrar e consultar produtos na loja
  Para garantir que o contrato, a autorização e a unicidade são respeitados"
"passed","Mon Sep 28 09:05:28 UTC 2026","Mon Sep 28 09:05:28 UTC 2026","26","","Cadastro e consulta de usuários","","Consulta de usuário inexistente deve retornar mensagem de negócio","","Consulta de usuário inexistente deve retornar mensagem de negócio","  Como consumidor da API ServeRest
  Quero cadastrar e consultar usuários
  Para garantir que o contrato e as regras de negócio do recurso estão íntegros"
"passed","Mon Sep 28 09:05:26 UTC 2026","Mon Sep 28 09:05:26 UTC 2026","86","","Carrinho de compras","","Registro de carrinho com produto inexistente deve ser bloqueado","","Registro de carrinho com produto inexistente deve ser bloqueado","  Como consumidor da API ServeRest
  Quero registrar, concluir e cancelar carrinhos
  Para garantir que as regras de unicidade e de baixa de estoque são respeitadas"
"passed","Mon Sep 28 09:05:27 UTC 2026","Mon Sep 28 09:05:27 UTC 2026","120","","Cadastro e consulta de produtos","","Cadastro de produto com nome já existente deve ser bloqueado","","Cadastro de produto com nome já existente deve ser bloqueado","  Como consumidor da API ServeRest
  Quero cadastrar e consultar produtos na loja
  Para garantir que o contrato, a autorização e a unicidade são respeitados"
"passed","Mon Sep 28 09:05:28 UTC 2026","Mon Sep 28 09:05:28 UTC 2026","24","","Cadastro e consulta de usuários","","Cadastro deve ser bloqueado sem o campo obrigatório password","","Cadastro deve ser bloqueado sem o campo obrigatório password","  Como consumidor da API ServeRest
  Quero cadastrar e consultar usuários
  Para garantir que o contrato e as regras de negócio do recurso estão íntegros"
"passed","Mon Sep 28 09:05:26 UTC 2026","Mon Sep 28 09:05:26 UTC 2026","193","","Carrinho de compras","","Conclusão da compra deve dar baixa no estoque do produto","","Conclusão da compra deve dar baixa no estoque do produto","  Como consumidor da API ServeRest
  Quero registrar, concluir e cancelar carrinhos
  Para garantir que as regras de unicidade e de baixa de estoque são respeitadas"
"passed","Mon Sep 28 09:05:27 UTC 2026","Mon Sep 28 09:05:27 UTC 2026","81","","Carrinho de compras","","Conclusão sem carrinho registrado deve retornar mensagem de negócio","","Conclusão sem carrinho registrado deve retornar mensagem de negócio","  Como consumidor da API ServeRest
  Quero registrar, concluir e cancelar carrinhos
  Para garantir que as regras de unicidade e de baixa de estoque são respeitadas"
"passed","Mon Sep 28 09:05:27 UTC 2026","Mon Sep 28 09:05:27 UTC 2026","84","","Cadastro e consulta de usuários","","Cadastro deve ser bloqueado quando o e-mail já está em uso","","Cadastro deve ser bloqueado quando o e-mail já está em uso","  Como consumidor da API ServeRest
  Quero cadastrar e consultar usuários
  Para garantir que o contrato e as regras de negócio do recurso estão íntegros"
"passed","Mon Sep 28 09:05:27 UTC 2026","Mon Sep 28 09:05:27 UTC 2026","38","","Cadastro e consulta de produtos","","Listagem de produtos deve respeitar o contrato publicado","","Listagem de produtos deve respeitar o contrato publicado","  Como consumidor da API ServeRest
  Quero cadastrar e consultar produtos na loja
  Para garantir que o contrato, a autorização e a unicidade são respeitados"
"passed","Mon Sep 28 09:05:27 UTC 2026","Mon Sep 28 09:05:28 UTC 2026","28","","Cadastro e consulta de usuários","","Cadastro deve ser bloqueado sem o campo obrigatório email","","Cadastro deve ser bloqueado sem o campo obrigatório email","  Como consumidor da API ServeRest
  Quero cadastrar e consultar usuários
  Para garantir que o contrato e as regras de negócio do recurso estão íntegros"
"passed","Mon Sep 28 09:05:26 UTC 2026","Mon Sep 28 09:05:27 UTC 2026","181","","Carrinho de compras","","Cancelamento da compra deve devolver a quantidade ao estoque","","Cancelamento da compra deve devolver a quantidade ao estoque","  Como consumidor da API ServeRest
  Quero registrar, concluir e cancelar carrinhos
  Para garantir que as regras de unicidade e de baixa de estoque são respeitadas"
"passed","Mon Sep 28 09:05:25 UTC 2026","Mon Sep 28 09:05:25 UTC 2026","37","","Autenticação de usuários","","Login com e-mail não cadastrado deve ser rejeitado","","Login com e-mail não cadastrado deve ser rejeitado","  Como consumidor da API ServeRest
  Quero autenticar usuários cadastrados
  Para obter o token necessário às operações protegidas"
"passed","Mon Sep 28 09:05:27 UTC 2026","Mon Sep 28 09:05:27 UTC 2026","49","","Cadastro e consulta de usuários","","Cadastro de usuário com dados válidos","","Cadastro de usuário com dados válidos","  Como consumidor da API ServeRest
  Quero cadastrar e consultar usuários
  Para garantir que o contrato e as regras de negócio do recurso estão íntegros"
"passed","Mon Sep 28 09:05:27 UTC 2026","Mon Sep 28 09:05:27 UTC 2026","80","","Cadastro e consulta de produtos","","Cadastro de produto por usuário não administrador deve ser bloqueado","","Cadastro de produto por usuário não administrador deve ser bloqueado","  Como consumidor da API ServeRest
  Quero cadastrar e consultar produtos na loja
  Para garantir que o contrato, a autorização e a unicidade são respeitados"
"passed","Mon Sep 28 09:05:26 UTC 2026","Mon Sep 28 09:05:26 UTC 2026","212","","Carrinho de compras","","Usuário autenticado deve registrar carrinho com produto disponível","","Usuário autenticado deve registrar carrinho com produto disponível","  Como consumidor da API ServeRest
  Quero registrar, concluir e cancelar carrinhos
  Para garantir que as regras de unicidade e de baixa de estoque são respeitadas"
"passed","Mon Sep 28 09:05:21 UTC 2026","Mon Sep 28 09:05:25 UTC 2026","3900","","Autenticação de usuários","","Login com credenciais válidas deve retornar token","","Login com credenciais válidas deve retornar token","  Como consumidor da API ServeRest
  Quero autenticar usuários cadastrados
  Para obter o token necessário às operações protegidas"
"passed","Mon Sep 28 09:05:25 UTC 2026","Mon Sep 28 09:05:25 UTC 2026","88","","Autenticação de usuários","","Login com senha incorreta deve ser rejeitado","","Login com senha incorreta deve ser rejeitado","  Como consumidor da API ServeRest
  Quero autenticar usuários cadastrados
  Para obter o token necessário às operações protegidas"
"passed","Mon Sep 28 09:05:26 UTC 2026","Mon Sep 28 09:05:26 UTC 2026","173","","Carrinho de compras","","Registro de carrinho sem token deve ser bloqueado","","Registro de carrinho sem token deve ser bloqueado","  Como consumidor da API ServeRest
  Quero registrar, concluir e cancelar carrinhos
  Para garantir que as regras de unicidade e de baixa de estoque são respeitadas"
"passed","Mon Sep 28 09:05:27 UTC 2026","Mon Sep 28 09:05:27 UTC 2026","32","","Cadastro e consulta de produtos","","Cadastro de produto sem token deve ser bloqueado","","Cadastro de produto sem token deve ser bloqueado","  Como consumidor da API ServeRest
  Quero cadastrar e consultar produtos na loja
  Para garantir que o contrato, a autorização e a unicidade são respeitados"
